<?xml version="1.0" encoding="UTF-8"?>
<!DOCTYPE suite SYSTEM "http://testng.org/testng-1.0.dtd">
<suite name="Retrival of codes " parallel="none">
  <test name="Test">
    <classes>
      <class name="testcases.RetrievalOfTheEntertainmentSystemCode"/>
      <class name="testcases.Returnoftoolreprogrammingkey"/>
      <class name="testcases.CarRadioCode"/>
      <class name="testcases.RetrievalOfTheOscarBoxCode"/>
    </classes>
  </test> <!-- Test -->
</suite> <!-- Retrival of codes  -->
